-- phpMyAdmin SQL Dump
-- version 4.6.6
-- https://www.phpmyadmin.net/
--
-- Хост: localhost
-- Время создания: Авг 07 2019 г., 22:59
-- Версия сервера: 5.6.33-0ubuntu0.14.04.1
-- Версия PHP: 5.6.40-6+ubuntu14.04.1+deb.sury.org+3

--
-- База данных: `shop`
--

--
-- Структура таблицы `good`
--

CREATE TABLE good (
  id INT NOT NULL,
  category_id INT NOT NULL,
  name VARCHAR(255),
  count INT NOT NULL,
  price INT NOT NULL
);
--
-- Дамп данных таблицы `good`
--

INSERT INTO `good` (`id`, `category_id`, `name`, `count`, `price`) VALUES
(1, 3, 'Айс Ти «Инжирный персик»', 201, 157),
(2, 3, 'Айс Ти «Черничный Прованс» ', 201, 157),
(3, 3, 'Айс Ти «Сочное манго»', 288, 157),
(4, 3, 'Айс Ти «Клубничный зефир»', 515, 157),
(5, 3, 'Айс Ти «Апельсиновый лед»', 314, 157),
(6, 3, 'Айс Ти «Карамельное яблоко»', 192, 157),
(7, 5, 'Мао Се', 223, 397),
(8, 6, 'Бай Ча Цзингу ', 396, 747),
(9, 7, 'Моя Москва', 24, 797),
(10, 7, 'Ягодная сангрия ', 221, 757),
(11, 7, 'Леди Грей', 256, 487),
(12, 7, 'Жемчужина Азии', 19, 757),
(13, 10, 'Королевский гибискус (каркаде)', 445, 197),
(14, 7, 'Гейша', 46, 297),
(15, 7, 'Надежда Маргарет', 430, 297),
(16, 7, 'Однажды в Вегасе', 407, 297),
(17, 7, 'Японская липа', 504, 297),
(18, 7, 'Айсберг', 303, 297),
(19, 7, 'Цветки кактуса', 7, 297),
(20, 11, 'Чай для дачи', 389, 297),
(21, 7, ' Арахисовая паста', 149, 487),
(22, 7, 'Вишня в шоколаде', 209, 297),
(23, 7, 'Иммуно-баланс ', 65, 757),
(24, 7, 'Французская пекарня ', 438, 757),
(25, 8, 'Индия Нилгири', 199, 297),
(26, 7, 'Экзотика', 380, 587),
(27, 9, 'Китайская Сенча', 104, 297),
(28, 7, 'Мелисса-Имбирь ', 370, 487),
(29, 7, 'Тропическое Соло', 77, 297),
(30, 7, 'Цитрусовый базилик', 501, 297),
(31, 7, 'Клубника-Моринга ', 104, 587),
(32, 7, 'Сокровище Индии ', 354, 757),
(33, 7, 'Фитнес-тайм', 525, 297),
(34, 7, 'Марципан', 486, 297),
(35, 4, 'Пуэр туо-ча', 465, 497),
(36, 7, 'Маленький принц  ', 324, 297),
(37, 4, 'Молодой пуэр', 374, 497),
(38, 4, 'Классический пуэр', 209, 797),
(39, 4, 'Пуэр с молоком', 55, 797),
(40, 4, 'Мандариновый пуэр', 393, 987),
(41, 7, 'Мелодия Прованса', 128, 387),
(42, 7, 'Мамин чай', 361, 487),
(43, 7, 'Персидский чародей', 391, 597),
(44, 7, 'Восемь сокровищ Шаолиня', 175, 487),
(45, 7, 'Таежный черный', 265, 497),
(46, 8, 'Ассам «Кумсонг»', 273, 497),
(47, 7, 'Вишневый йогурт', 153, 487),
(48, 7, 'Восход', 42, 497),
(49, 7, 'Грецкий орех зеленый', 280, 497),
(50, 7, 'Груша с гранатом', 17, 487),
(51, 2, 'Дарджилинг Джиэль', 192, 587),
(52, 7, 'Золотой Непал (Лапсанг Сушонг)', 490, 487),
(53, 7, 'Имбирный лимонад', 83, 497),
(54, 7, 'Какао-Трюфель', 104, 487),
(55, 7, 'Китайская мята', 163, 497),
(56, 7, 'Мечты китайского любовника', 463, 587),
(57, 7, 'Королевские сливки', 208, 487),
(58, 10, 'Малиновый Мохито', 8, 367),
(59, 7, 'Праздничный', 14, 439),
(60, 7, 'Черная смородина', 183, 497),
(61, 12, 'Ройбос (ройбуш) Длинная иголка', 112, 487),
(62, 7, 'Медовый глинтвейн', 369, 487),
(63, 7, 'Чай для друга', 183, 587),
(64, 9, 'Белая обезьяна EU', 437, 897),
(65, 7, 'Любимому учителю ', 330, 597),
(66, 7, 'Царский чай', 123, 497),
(67, 7, 'Цветы лавандовых полей', 236, 497),
(68, 7, 'Все девушки любят малину', 178, 387),
(69, 7, 'Королевский Эрл Грей', 332, 537),
(70, 4, 'Пу Эр зеленое гнездо ', 291, 677),
(71, 7, 'Роза Венеции', 45, 497),
(72, 5, 'Оолонг с Гуй Хуа', 460, 787),
(73, 7, 'Масала', 126, 587),
(74, 7, 'Для нее', 437, 387),
(75, 7, 'Алоэ Вера', 184, 487),
(76, 7, 'Карамельный улун', 263, 797),
(77, 5, 'Улун с розой', 435, 587),
(78, 8, 'Золотые спирали', 465, 447),
(79, 7, 'Клюква с персиком', 280, 487),
(80, 7, 'Шоколадный пудинг', 101, 487),
(81, 7, 'Груша в карамели', 429, 487),
(82, 7, 'Огни ночного города', 363, 387),
(83, 7, 'Апельсин и мята', 67, 797),
(84, 7, 'Черничный морс', 301, 597),
(85, 7, 'Сердце Африки', 316, 487),
(86, 10, 'Сладкий вечер', 71, 347),
(87, 9, 'Серебряная жемчужина скрученный', 187, 987),
(88, 7, 'Клубничные сливки', 159, 497),
(89, 7, 'Сырный сомелье', 255, 757),
(90, 7, 'Облепиховый смузи', 99, 587),
(91, 8, 'Золотой дракон EU', 489, 977),
(92, 7, 'Мятный персик', 378, 717),
(93, 7, 'Фисташковый крем', 335, 587),
(94, 7, 'Индийский океан', 142, 587),
(95, 7, 'Генманча', 184, 681),
(96, 10, 'Иван-чай крупнолистовой с медом', 101, 597),
(97, 7, 'Лесная сказка', 188, 397),
(98, 10, 'Дедушка рекомендует', 228, 487),
(99, 8, 'Милима', 100, 547),
(100, 7, 'Черный самурай', 229, 497),
(101, 7, 'Мятный бриз', 94, 487),
(102, 7, 'Амазонка', 285, 427),
(103, 7, 'Маленькая леди', 493, 797),
(104, 11, 'Ягодное лукошко', 3, 597),
(105, 7, 'Пряный апельсин', 224, 587),
(106, 7, 'Спасибо', 248, 487),
(107, 7, 'Яблочный пирог моей бабушки', 104, 497),
(108, 7, 'Млечный Путь', 128, 987),
(109, 7, 'Татарский', 86, 497),
(110, 10, 'Грейпфрутовый фреш', 310, 547),
(111, 7, 'Арбузная вечеринка', 195, 497),
(112, 7, 'Ягодный пай', 387, 313),
(113, 7, 'Клубника с дыней', 198, 487),
(114, 5, 'Жасминовый улун', 178, 987),
(115, 7, 'Стройность', 270, 547),
(116, 7, 'Долголетие', 458, 717),
(117, 8, 'Цейлонский Шаулэндс', 337, 497),
(118, 7, 'Русские традиции', 525, 487),
(119, 7, 'Не болей! ', 31, 547),
(120, 7, 'Трюфель Чили', 301, 487),
(121, 7, 'Коктейль Манго-Маракуйя', 378, 587),
(122, 7, 'Липовый цвет', 367, 497),
(123, 14, 'Фруктовый зефир', 444, 487),
(124, 9, 'Джунджак', 37, 857),
(125, 7, 'Лимонный щербет', 468, 397),
(126, 7, 'Английская карамель', 106, 497),
(127, 7, 'Миндальный бисквит', 156, 497),
(128, 14, 'Лакомка', 170, 427),
(129, 7, 'Папин чай', 206, 587),
(130, 7, 'Абрикосовый улун', 386, 547),
(131, 7, 'Манго-Розмарин', 491, 487),
(132, 7, 'Пламенный грейпфрут', 353, 497),
(133, 7, 'Гармония', 268, 497),
(134, 7, 'Белая сакура', 190, 587),
(135, 7, 'Малиновый чай', 76, 487),
(136, 7, 'Лимонный лёд', 373, 597),
(137, 14, 'Дынное мороженое', 318, 547),
(138, 7, 'Для него', 162, 347),
(139, 7, 'Вечная любовь', 157, 487),
(140, 7, 'Дикие ягоды', 514, 457),
(141, 8, 'Золотая обезьяна', 23, 397),
(142, 7, 'Рецепт здоровья', 355, 497),
(143, 7, 'Инжирное дерево', 259, 587),
(144, 10, 'Зизифора', 192, 797),
(145, 10, 'Мята', 13, 747),
(146, 7, 'Волшебный лес', 315, 347),
(147, 10, 'Душица', 477, 747),
(148, 7, 'Загадка маленького Будды', 65, 797),
(149, 7, 'Вернуться в Сочи', 233, 597),
(150, 8, 'Ассам Золотые типсы «Мокалбари»', 514, 897),
(151, 8, 'Английский завтрак', 7, 497),
(152, 7, 'Фаворит ягод', 339, 497),
(153, 9, 'Белая обезьяна', 145, 487),
(154, 7, 'Дерево жизни', 178, 797),
(155, 7, 'Грецкий орех чёрный', 20, 487),
(156, 7, 'Жасминовый вечер', 443, 797),
(157, 9, 'Чхао Цин ', 511, 497),
(158, 7, 'Оолонг Огненный Цветок ', 360, 797),
(159, 8, 'Кения «Тиндерет» GFOP', 186, 797),
(160, 7, 'Соусеп', 175, 387),
(161, 7, 'Маршмэллоу', 436, 587),
(162, 7, 'Ванильное небо Декаф', 494, 997),
(163, 7, 'Нежность жасмина', 72, 397),
(164, 5, 'Женьшень улун', 191, 587),
(165, 7, 'Итальянский пирог', 482, 587),
(166, 7, 'Весенний Аромат', 96, 497),
(167, 7, 'Клубничный крем', 21, 497),
(168, 10, 'Тимьян (Чабрец)', 216, 797),
(169, 7, 'Из Петербурга с любовью ', 120, 487),
(170, 7, 'Сказочный единорог', 408, 487),
(171, 7, 'Аромат путешествий', 312, 297),
(172, 7, ' Пока часы 12 бьют ', 219, 487),
(173, 15, 'Пакетированный чай «Бай Хоу»', 106, 357),
(174, 15, 'Пакетированный чай «Английская карамель»', 102, 357),
(175, 15, 'Пакетированный чай «Огненный цветок»', 171, 397),
(176, 15, 'Пакетированный чай «Японская липа»', 171, 357),
(177, 15, 'Пакетированный чай «Цейлонский Шаулендс»', 335, 357),
(178, 15, 'Пакетированный чай «Королевский Эрл Грей»', 160, 357),
(179, 15, 'Пакетированный чай «Клубничные сливки»', 179, 357),
(180, 15, 'Пакетированный чай «Ягодное лукошко»', 149, 357),
(181, 15, 'Пакетированный чай «Китайская мята»', 306, 357),
(182, 15, 'Пакетированный чай «Загадка маленького Будды»', 358, 397),
(183, 17, 'Чайный набор «Дачный сезон»', 146, 696),
(184, 17, 'Чайный набор «Пряности»', 330, 707),
(185, 17, 'Чайный набор «Шоколад»', 57, 913),
(186, 9, 'Белый пух ', 130, 297),
(187, 7, 'Белое крыло ', 162, 597),
(188, 7, 'Ягоды Асаи ', 255, 797),
(189, 7, 'Вишневый клафути ', 226, 397),
(190, 17, 'Чайный набор «Свежее лето»', 183, 800),
(191, 7, 'Гранола с чиа', 355, 587),
(192, 3, 'Айс Ти «Инжирный персик»', 414, 157),
(193, 3, 'Айс Ти «Черничный Прованс» ', 170, 157),
(194, 3, 'Айс Ти «Сочное манго»', 107, 157),
(195, 3, 'Айс Ти «Клубничный зефир»', 224, 157),
(196, 3, 'Айс Ти «Апельсиновый лед»', 330, 157),
(197, 3, 'Айс Ти «Карамельное яблоко»', 286, 157),
(198, 5, 'Мао Се', 110, 397),
(199, 6, 'Бай Ча Цзингу ', 119, 747),
(200, 3, 'Айс Ти «Инжирный персик»', 173, 157),
(201, 3, 'Айс Ти «Черничный Прованс» ', 44, 157),
(202, 3, 'Айс Ти «Сочное манго»', 332, 157),
(203, 3, 'Айс Ти «Клубничный зефир»', 503, 157),
(204, 3, 'Айс Ти «Апельсиновый лед»', 101, 157),
(205, 3, 'Айс Ти «Карамельное яблоко»', 303, 157),
(206, 5, 'Мао Се', 231, 397),
(207, 6, 'Бай Ча Цзингу ', 465, 747),
(208, 3, 'Айс Ти «Инжирный персик»', 478, 157),
(209, 3, 'Айс Ти «Черничный Прованс» ', 458, 157),
(210, 3, 'Айс Ти «Сочное манго»', 428, 157),
(211, 3, 'Айс Ти «Клубничный зефир»', 307, 157),
(212, 3, 'Айс Ти «Апельсиновый лед»', 244, 157),
(213, 3, 'Айс Ти «Карамельное яблоко»', 427, 157),
(214, 5, 'Мао Се', 132, 397),
(215, 6, 'Бай Ча Цзингу ', 71, 747),
(216, 3, 'Айс Ти «Инжирный персик»', 111, 157),
(217, 3, 'Айс Ти «Черничный Прованс» ', 204, 157),
(218, 3, 'Айс Ти «Сочное манго»', 512, 157),
(219, 3, 'Айс Ти «Клубничный зефир»', 230, 157),
(220, 3, 'Айс Ти «Апельсиновый лед»', 222, 157),
(221, 3, 'Айс Ти «Карамельное яблоко»', 409, 157),
(222, 5, 'Мао Се', 395, 397),
(223, 6, 'Бай Ча Цзингу ', 454, 747),
(224, 3, 'Айс Ти «Инжирный персик»', 209, 157),
(225, 3, 'Айс Ти «Черничный Прованс» ', 123, 157),
(226, 3, 'Айс Ти «Сочное манго»', 261, 157),
(227, 3, 'Айс Ти «Клубничный зефир»', 149, 157),
(228, 3, 'Айс Ти «Апельсиновый лед»', 129, 157),
(229, 3, 'Айс Ти «Карамельное яблоко»', 194, 157),
(230, 5, 'Мао Се', 82, 397),
(231, 6, 'Бай Ча Цзингу ', 126, 747),
(232, 3, 'Айс Ти «Инжирный персик»', 76, 157),
(233, 3, 'Айс Ти «Черничный Прованс» ', 107, 157),
(234, 3, 'Айс Ти «Сочное манго»', 503, 157),
(235, 3, 'Айс Ти «Клубничный зефир»', 148, 157),
(236, 3, 'Айс Ти «Апельсиновый лед»', 458, 157),
(237, 3, 'Айс Ти «Карамельное яблоко»', 333, 157),
(238, 5, 'Мао Се', 44, 397),
(239, 6, 'Бай Ча Цзингу ', 12, 747),
(240, 3, 'Айс Ти «Инжирный персик»', 420, 157),
(241, 3, 'Айс Ти «Черничный Прованс» ', 375, 157),
(242, 3, 'Айс Ти «Сочное манго»', 103, 157),
(243, 3, 'Айс Ти «Клубничный зефир»', 348, 157),
(244, 3, 'Айс Ти «Апельсиновый лед»', 281, 157),
(245, 3, 'Айс Ти «Карамельное яблоко»', 476, 157),
(246, 5, 'Мао Се', 490, 397),
(247, 6, 'Бай Ча Цзингу ', 74, 747),
(248, 3, 'Айс Ти «Инжирный персик»', 308, 157),
(249, 3, 'Айс Ти «Черничный Прованс» ', 386, 157),
(250, 3, 'Айс Ти «Сочное манго»', 286, 157),
(251, 3, 'Айс Ти «Клубничный зефир»', 435, 157),
(252, 3, 'Айс Ти «Апельсиновый лед»', 36, 157),
(253, 3, 'Айс Ти «Карамельное яблоко»', 151, 157),
(254, 5, 'Мао Се', 112, 397),
(255, 6, 'Бай Ча Цзингу ', 258, 747),
(256, 3, 'Айс Ти «Инжирный персик»', 64, 157),
(257, 3, 'Айс Ти «Черничный Прованс» ', 284, 157),
(258, 3, 'Айс Ти «Сочное манго»', 235, 157),
(259, 3, 'Айс Ти «Клубничный зефир»', 76, 157),
(260, 3, 'Айс Ти «Апельсиновый лед»', 295, 157),
(261, 3, 'Айс Ти «Карамельное яблоко»', 510, 157),
(262, 5, 'Мао Се', 190, 397),
(263, 6, 'Бай Ча Цзингу ', 359, 747),
(264, 3, 'Айс Ти «Инжирный персик»', 365, 157),
(265, 3, 'Айс Ти «Черничный Прованс» ', 391, 157),
(266, 3, 'Айс Ти «Сочное манго»', 80, 157),
(267, 3, 'Айс Ти «Клубничный зефир»', 439, 157),
(268, 3, 'Айс Ти «Апельсиновый лед»', 505, 157),
(269, 3, 'Айс Ти «Карамельное яблоко»', 194, 157),
(270, 5, 'Мао Се', 288, 397),
(271, 6, 'Бай Ча Цзингу ', 54, 747),
(272, 3, 'Айс Ти «Инжирный персик»', 29, 157),
(273, 3, 'Айс Ти «Черничный Прованс» ', 476, 157),
(274, 3, 'Айс Ти «Сочное манго»', 204, 157),
(275, 3, 'Айс Ти «Клубничный зефир»', 288, 157),
(276, 3, 'Айс Ти «Апельсиновый лед»', 207, 157),
(277, 3, 'Айс Ти «Карамельное яблоко»', 464, 157),
(278, 5, 'Мао Се', 272, 397),
(279, 6, 'Бай Ча Цзингу ', 223, 747),
(280, 3, 'Айс Ти «Инжирный персик»', 173, 157),
(281, 3, 'Айс Ти «Черничный Прованс» ', 133, 157),
(282, 3, 'Айс Ти «Сочное манго»', 183, 157),
(283, 3, 'Айс Ти «Клубничный зефир»', 7, 157),
(284, 3, 'Айс Ти «Апельсиновый лед»', 22, 157),
(285, 3, 'Айс Ти «Карамельное яблоко»', 196, 157),
(286, 5, 'Мао Се', 387, 397),
(287, 6, 'Бай Ча Цзингу ', 62, 747),
(288, 3, 'Айс Ти «Инжирный персик»', 396, 157),
(289, 3, 'Айс Ти «Черничный Прованс» ', 418, 157),
(290, 3, 'Айс Ти «Сочное манго»', 329, 157),
(291, 3, 'Айс Ти «Клубничный зефир»', 451, 157),
(292, 3, 'Айс Ти «Апельсиновый лед»', 296, 157),
(293, 3, 'Айс Ти «Карамельное яблоко»', 0, 157),
(294, 5, 'Мао Се', 326, 397),
(295, 6, 'Бай Ча Цзингу ', 477, 747),
(296, 3, 'Айс Ти «Инжирный персик»', 159, 157),
(297, 3, 'Айс Ти «Черничный Прованс» ', 41, 157),
(298, 3, 'Айс Ти «Сочное манго»', 432, 157),
(299, 3, 'Айс Ти «Клубничный зефир»', 383, 157),
(300, 3, 'Айс Ти «Апельсиновый лед»', 230, 157),
(301, 3, 'Айс Ти «Карамельное яблоко»', 254, 157),
(302, 5, 'Мао Се', 403, 397),
(303, 6, 'Бай Ча Цзингу ', 388, 747),
(304, 3, 'Айс Ти «Инжирный персик»', 230, 157),
(305, 3, 'Айс Ти «Черничный Прованс» ', 7, 157),
(306, 3, 'Айс Ти «Сочное манго»', 272, 157),
(307, 3, 'Айс Ти «Клубничный зефир»', 293, 157),
(308, 3, 'Айс Ти «Апельсиновый лед»', 209, 157),
(309, 3, 'Айс Ти «Карамельное яблоко»', 47, 157),
(310, 5, 'Мао Се', 80, 397),
(311, 6, 'Бай Ча Цзингу ', 465, 747),
(312, 3, 'Айс Ти «Инжирный персик»', 139, 157),
(313, 3, 'Айс Ти «Черничный Прованс» ', 22, 157),
(314, 3, 'Айс Ти «Сочное манго»', 36, 157),
(315, 3, 'Айс Ти «Клубничный зефир»', 91, 157),
(316, 3, 'Айс Ти «Апельсиновый лед»', 243, 157),
(317, 3, 'Айс Ти «Карамельное яблоко»', 125, 157),
(318, 5, 'Мао Се', 402, 397),
(319, 6, 'Бай Ча Цзингу ', 166, 747),
(320, 3, 'Айс Ти «Инжирный персик»', 411, 157),
(321, 3, 'Айс Ти «Черничный Прованс» ', 110, 157),
(322, 3, 'Айс Ти «Сочное манго»', 275, 157),
(323, 3, 'Айс Ти «Клубничный зефир»', 274, 157),
(324, 3, 'Айс Ти «Апельсиновый лед»', 145, 157),
(325, 3, 'Айс Ти «Карамельное яблоко»', 160, 157),
(326, 5, 'Мао Се', 375, 397),
(327, 6, 'Бай Ча Цзингу ', 167, 747),
(328, 3, 'Айс Ти «Инжирный персик»', 479, 157),
(329, 3, 'Айс Ти «Черничный Прованс» ', 477, 157),
(330, 3, 'Айс Ти «Сочное манго»', 457, 157),
(331, 3, 'Айс Ти «Клубничный зефир»', 419, 157),
(332, 3, 'Айс Ти «Апельсиновый лед»', 90, 157),
(333, 3, 'Айс Ти «Карамельное яблоко»', 463, 157),
(334, 5, 'Мао Се', 229, 397),
(335, 6, 'Бай Ча Цзингу ', 486, 747),
(336, 3, 'Айс Ти «Инжирный персик»', 292, 157),
(337, 3, 'Айс Ти «Черничный Прованс» ', 45, 157),
(338, 3, 'Айс Ти «Сочное манго»', 79, 157),
(339, 3, 'Айс Ти «Клубничный зефир»', 459, 157),
(340, 3, 'Айс Ти «Апельсиновый лед»', 202, 157),
(341, 3, 'Айс Ти «Карамельное яблоко»', 339, 157),
(342, 5, 'Мао Се', 88, 397),
(343, 6, 'Бай Ча Цзингу ', 450, 747),
(344, 3, 'Айс Ти «Инжирный персик»', 240, 157),
(345, 3, 'Айс Ти «Черничный Прованс» ', 522, 157),
(346, 3, 'Айс Ти «Сочное манго»', 445, 157),
(347, 3, 'Айс Ти «Клубничный зефир»', 408, 157),
(348, 3, 'Айс Ти «Апельсиновый лед»', 428, 157),
(349, 3, 'Айс Ти «Карамельное яблоко»', 62, 157),
(350, 5, 'Мао Се', 382, 397),
(351, 6, 'Бай Ча Цзингу ', 14, 747),
(352, 3, 'Айс Ти «Инжирный персик»', 129, 157),
(353, 3, 'Айс Ти «Черничный Прованс» ', 405, 157),
(354, 3, 'Айс Ти «Сочное манго»', 334, 157),
(355, 3, 'Айс Ти «Клубничный зефир»', 89, 157),
(356, 3, 'Айс Ти «Апельсиновый лед»', 46, 157),
(357, 3, 'Айс Ти «Карамельное яблоко»', 128, 157),
(358, 5, 'Мао Се', 339, 397),
(359, 6, 'Бай Ча Цзингу ', 174, 747),
(360, 3, 'Айс Ти «Инжирный персик»', 186, 157),
(361, 3, 'Айс Ти «Черничный Прованс» ', 77, 157),
(362, 3, 'Айс Ти «Сочное манго»', 465, 157),
(363, 3, 'Айс Ти «Клубничный зефир»', 110, 157),
(364, 3, 'Айс Ти «Апельсиновый лед»', 157, 157),
(365, 3, 'Айс Ти «Карамельное яблоко»', 302, 157),
(366, 5, 'Мао Се', 397, 397),
(367, 6, 'Бай Ча Цзингу ', 298, 747),
(368, 3, 'Айс Ти «Инжирный персик»', 162, 157),
(369, 3, 'Айс Ти «Черничный Прованс» ', 13, 157),
(370, 3, 'Айс Ти «Сочное манго»', 57, 157),
(371, 3, 'Айс Ти «Клубничный зефир»', 176, 157),
(372, 3, 'Айс Ти «Апельсиновый лед»', 205, 157),
(373, 3, 'Айс Ти «Карамельное яблоко»', 332, 157),
(374, 5, 'Мао Се', 334, 397),
(375, 6, 'Бай Ча Цзингу ', 212, 747),
(376, 3, 'Айс Ти «Инжирный персик»', 218, 157),
(377, 3, 'Айс Ти «Черничный Прованс» ', 190, 157),
(378, 3, 'Айс Ти «Сочное манго»', 72, 157),
(379, 3, 'Айс Ти «Клубничный зефир»', 392, 157),
(380, 3, 'Айс Ти «Апельсиновый лед»', 36, 157),
(381, 3, 'Айс Ти «Карамельное яблоко»', 344, 157),
(382, 5, 'Мао Се', 222, 397),
(383, 6, 'Бай Ча Цзингу ', 421, 747),
(384, 3, 'Айс Ти «Инжирный персик»', 485, 157),
(385, 3, 'Айс Ти «Черничный Прованс» ', 513, 157),
(386, 3, 'Айс Ти «Сочное манго»', 450, 157),
(387, 3, 'Айс Ти «Клубничный зефир»', 257, 157),
(388, 3, 'Айс Ти «Апельсиновый лед»', 87, 157),
(389, 3, 'Айс Ти «Карамельное яблоко»', 204, 157),
(390, 5, 'Мао Се', 249, 397),
(391, 6, 'Бай Ча Цзингу ', 218, 747),
(392, 3, 'Айс Ти «Инжирный персик»', 322, 157),
(393, 3, 'Айс Ти «Черничный Прованс» ', 181, 157),
(394, 3, 'Айс Ти «Сочное манго»', 231, 157),
(395, 3, 'Айс Ти «Клубничный зефир»', 8, 157),
(396, 3, 'Айс Ти «Апельсиновый лед»', 271, 157),
(397, 3, 'Айс Ти «Карамельное яблоко»', 129, 157),
(398, 5, 'Мао Се', 489, 397),
(399, 6, 'Бай Ча Цзингу ', 319, 747),
(400, 3, 'Айс Ти «Инжирный персик»', 158, 157),
(401, 3, 'Айс Ти «Черничный Прованс» ', 74, 157),
(402, 3, 'Айс Ти «Сочное манго»', 52, 157),
(403, 3, 'Айс Ти «Клубничный зефир»', 53, 157),
(404, 3, 'Айс Ти «Апельсиновый лед»', 257, 157),
(405, 3, 'Айс Ти «Карамельное яблоко»', 385, 157),
(406, 5, 'Мао Се', 216, 397),
(407, 6, 'Бай Ча Цзингу ', 372, 747),
(408, 3, 'Айс Ти «Инжирный персик»', 235, 157),
(409, 3, 'Айс Ти «Черничный Прованс» ', 406, 157),
(410, 3, 'Айс Ти «Сочное манго»', 183, 157),
(411, 3, 'Айс Ти «Клубничный зефир»', 453, 157),
(412, 3, 'Айс Ти «Апельсиновый лед»', 396, 157),
(413, 3, 'Айс Ти «Карамельное яблоко»', 83, 157),
(414, 5, 'Мао Се', 192, 397),
(415, 6, 'Бай Ча Цзингу ', 265, 747),
(416, 3, 'Айс Ти «Инжирный персик»', 186, 157),
(417, 3, 'Айс Ти «Черничный Прованс» ', 469, 157),
(418, 3, 'Айс Ти «Сочное манго»', 500, 157),
(419, 3, 'Айс Ти «Клубничный зефир»', 505, 157),
(420, 3, 'Айс Ти «Апельсиновый лед»', 283, 157),
(421, 3, 'Айс Ти «Карамельное яблоко»', 331, 157),
(422, 5, 'Мао Се', 441, 397),
(423, 6, 'Бай Ча Цзингу ', 406, 747),
(424, 3, 'Айс Ти «Инжирный персик»', 246, 157),
(425, 3, 'Айс Ти «Черничный Прованс» ', 76, 157),
(426, 3, 'Айс Ти «Сочное манго»', 354, 157),
(427, 3, 'Айс Ти «Клубничный зефир»', 92, 157),
(428, 3, 'Айс Ти «Апельсиновый лед»', 107, 157),
(429, 3, 'Айс Ти «Карамельное яблоко»', 303, 157),
(430, 5, 'Мао Се', 342, 397),
(431, 6, 'Бай Ча Цзингу ', 184, 747),
(432, 3, 'Айс Ти «Инжирный персик»', 292, 157),
(433, 3, 'Айс Ти «Черничный Прованс» ', 95, 157),
(434, 3, 'Айс Ти «Сочное манго»', 247, 157),
(435, 3, 'Айс Ти «Клубничный зефир»', 32, 157),
(436, 3, 'Айс Ти «Апельсиновый лед»', 151, 157),
(437, 3, 'Айс Ти «Карамельное яблоко»', 449, 157),
(438, 5, 'Мао Се', 338, 397),
(439, 6, 'Бай Ча Цзингу ', 392, 747),
(440, 3, 'Айс Ти «Инжирный персик»', 349, 157),
(441, 3, 'Айс Ти «Черничный Прованс» ', 127, 157),
(442, 3, 'Айс Ти «Сочное манго»', 65, 157),
(443, 3, 'Айс Ти «Клубничный зефир»', 229, 157),
(444, 3, 'Айс Ти «Апельсиновый лед»', 514, 157),
(445, 3, 'Айс Ти «Карамельное яблоко»', 35, 157),
(446, 5, 'Мао Се', 235, 397),
(447, 6, 'Бай Ча Цзингу ', 111, 747),
(448, 3, 'Айс Ти «Инжирный персик»', 499, 157),
(449, 3, 'Айс Ти «Черничный Прованс» ', 354, 157),
(450, 3, 'Айс Ти «Сочное манго»', 35, 157),
(451, 3, 'Айс Ти «Клубничный зефир»', 158, 157),
(452, 3, 'Айс Ти «Апельсиновый лед»', 37, 157),
(453, 3, 'Айс Ти «Карамельное яблоко»', 306, 157),
(454, 5, 'Мао Се', 329, 397),
(455, 6, 'Бай Ча Цзингу ', 401, 747),
(456, 3, 'Айс Ти «Инжирный персик»', 384, 157),
(457, 3, 'Айс Ти «Черничный Прованс» ', 405, 157),
(458, 3, 'Айс Ти «Сочное манго»', 365, 157),
(459, 3, 'Айс Ти «Клубничный зефир»', 250, 157),
(460, 3, 'Айс Ти «Апельсиновый лед»', 422, 157),
(461, 3, 'Айс Ти «Карамельное яблоко»', 157, 157),
(462, 5, 'Мао Се', 246, 397),
(463, 6, 'Бай Ча Цзингу ', 284, 747),
(464, 3, 'Айс Ти «Инжирный персик»', 502, 157),
(465, 3, 'Айс Ти «Черничный Прованс» ', 317, 157),
(466, 3, 'Айс Ти «Сочное манго»', 509, 157),
(467, 3, 'Айс Ти «Клубничный зефир»', 88, 157),
(468, 3, 'Айс Ти «Апельсиновый лед»', 513, 157),
(469, 3, 'Айс Ти «Карамельное яблоко»', 311, 157),
(470, 5, 'Мао Се', 487, 397),
(471, 6, 'Бай Ча Цзингу ', 139, 747),
(472, 3, 'Айс Ти «Инжирный персик»', 123, 157),
(473, 3, 'Айс Ти «Черничный Прованс» ', 332, 157),
(474, 3, 'Айс Ти «Сочное манго»', 506, 157),
(475, 3, 'Айс Ти «Клубничный зефир»', 524, 157),
(476, 3, 'Айс Ти «Апельсиновый лед»', 267, 157),
(477, 3, 'Айс Ти «Карамельное яблоко»', 342, 157),
(478, 5, 'Мао Се', 125, 397),
(479, 6, 'Бай Ча Цзингу ', 221, 747),
(480, 3, 'Айс Ти «Инжирный персик»', 22, 157),
(481, 3, 'Айс Ти «Черничный Прованс» ', 251, 157),
(482, 3, 'Айс Ти «Сочное манго»', 364, 157),
(483, 3, 'Айс Ти «Клубничный зефир»', 307, 157),
(484, 3, 'Айс Ти «Апельсиновый лед»', 192, 157),
(485, 3, 'Айс Ти «Карамельное яблоко»', 314, 157),
(486, 5, 'Мао Се', 168, 397),
(487, 6, 'Бай Ча Цзингу ', 106, 747),
(488, 3, 'Айс Ти «Инжирный персик»', 349, 157),
(489, 3, 'Айс Ти «Черничный Прованс» ', 37, 157),
(490, 3, 'Айс Ти «Сочное манго»', 56, 157),
(491, 3, 'Айс Ти «Клубничный зефир»', 488, 157),
(492, 3, 'Айс Ти «Апельсиновый лед»', 380, 157),
(493, 3, 'Айс Ти «Карамельное яблоко»', 175, 157),
(494, 5, 'Мао Се', 503, 397),
(495, 6, 'Бай Ча Цзингу ', 508, 747),
(496, 3, 'Айс Ти «Инжирный персик»', 461, 157),
(497, 3, 'Айс Ти «Черничный Прованс» ', 1, 157),
(498, 3, 'Айс Ти «Сочное манго»', 376, 157),
(499, 3, 'Айс Ти «Клубничный зефир»', 156, 157),
(500, 3, 'Айс Ти «Апельсиновый лед»', 392, 157),
(501, 3, 'Айс Ти «Карамельное яблоко»', 227, 157),
(502, 5, 'Мао Се', 415, 397),
(503, 6, 'Бай Ча Цзингу ', 478, 747),
(504, 3, 'Айс Ти «Инжирный персик»', 428, 157),
(505, 3, 'Айс Ти «Черничный Прованс» ', 251, 157),
(506, 3, 'Айс Ти «Сочное манго»', 312, 157),
(507, 3, 'Айс Ти «Клубничный зефир»', 8, 157),
(508, 3, 'Айс Ти «Апельсиновый лед»', 289, 157),
(509, 3, 'Айс Ти «Карамельное яблоко»', 43, 157),
(510, 5, 'Мао Се', 112, 397),
(511, 6, 'Бай Ча Цзингу ', 80, 747),
(512, 3, 'Айс Ти «Инжирный персик»', 335, 157),
(513, 3, 'Айс Ти «Черничный Прованс» ', 214, 157),
(514, 3, 'Айс Ти «Сочное манго»', 439, 157),
(515, 3, 'Айс Ти «Клубничный зефир»', 318, 157),
(516, 3, 'Айс Ти «Апельсиновый лед»', 333, 157),
(517, 3, 'Айс Ти «Карамельное яблоко»', 415, 157),
(518, 5, 'Мао Се', 268, 397),
(519, 6, 'Бай Ча Цзингу ', 416, 747),
(520, 3, 'Айс Ти «Инжирный персик»', 120, 157),
(521, 3, 'Айс Ти «Черничный Прованс» ', 174, 157),
(522, 3, 'Айс Ти «Сочное манго»', 172, 157),
(523, 3, 'Айс Ти «Клубничный зефир»', 73, 157),
(524, 3, 'Айс Ти «Апельсиновый лед»', 288, 157),
(525, 3, 'Айс Ти «Карамельное яблоко»', 369, 157),
(526, 5, 'Мао Се', 191, 397),
(527, 6, 'Бай Ча Цзингу ', 95, 747),
(528, 3, 'Айс Ти «Инжирный персик»', 47, 157),
(529, 3, 'Айс Ти «Черничный Прованс» ', 303, 157),
(530, 3, 'Айс Ти «Сочное манго»', 497, 157),
(531, 3, 'Айс Ти «Клубничный зефир»', 128, 157),
(532, 3, 'Айс Ти «Апельсиновый лед»', 462, 157),
(533, 3, 'Айс Ти «Карамельное яблоко»', 47, 157),
(534, 5, 'Мао Се', 271, 397),
(535, 6, 'Бай Ча Цзингу ', 261, 747),
(536, 3, 'Айс Ти «Инжирный персик»', 392, 157),
(537, 3, 'Айс Ти «Черничный Прованс» ', 106, 157),
(538, 3, 'Айс Ти «Сочное манго»', 336, 157),
(539, 3, 'Айс Ти «Клубничный зефир»', 283, 157),
(540, 3, 'Айс Ти «Апельсиновый лед»', 525, 157),
(541, 3, 'Айс Ти «Карамельное яблоко»', 236, 157),
(542, 5, 'Мао Се', 120, 397),
(543, 6, 'Бай Ча Цзингу ', 410, 747),
(544, 3, 'Айс Ти «Инжирный персик»', 57, 157),
(545, 3, 'Айс Ти «Черничный Прованс» ', 411, 157),
(546, 3, 'Айс Ти «Сочное манго»', 365, 157),
(547, 3, 'Айс Ти «Клубничный зефир»', 152, 157),
(548, 3, 'Айс Ти «Апельсиновый лед»', 415, 157),
(549, 3, 'Айс Ти «Карамельное яблоко»', 39, 157),
(550, 5, 'Мао Се', 463, 397),
(551, 6, 'Бай Ча Цзингу ', 343, 747),
(552, 3, 'Айс Ти «Инжирный персик»', 30, 157),
(553, 3, 'Айс Ти «Черничный Прованс» ', 129, 157),
(554, 3, 'Айс Ти «Сочное манго»', 25, 157),
(555, 3, 'Айс Ти «Клубничный зефир»', 291, 157),
(556, 3, 'Айс Ти «Апельсиновый лед»', 107, 157),
(557, 3, 'Айс Ти «Карамельное яблоко»', 89, 157),
(558, 5, 'Мао Се', 499, 397),
(559, 6, 'Бай Ча Цзингу ', 195, 747),
(560, 3, 'Айс Ти «Инжирный персик»', 406, 157),
(561, 3, 'Айс Ти «Черничный Прованс» ', 298, 157),
(562, 3, 'Айс Ти «Сочное манго»', 316, 157),
(563, 3, 'Айс Ти «Клубничный зефир»', 290, 157),
(564, 3, 'Айс Ти «Апельсиновый лед»', 512, 157),
(565, 3, 'Айс Ти «Карамельное яблоко»', 509, 157),
(566, 5, 'Мао Се', 44, 397),
(567, 6, 'Бай Ча Цзингу ', 394, 747),
(568, 3, 'Айс Ти «Инжирный персик»', 343, 157),
(569, 3, 'Айс Ти «Черничный Прованс» ', 208, 157),
(570, 3, 'Айс Ти «Сочное манго»', 221, 157),
(571, 3, 'Айс Ти «Клубничный зефир»', 160, 157),
(572, 3, 'Айс Ти «Апельсиновый лед»', 191, 157),
(573, 3, 'Айс Ти «Карамельное яблоко»', 287, 157),
(574, 5, 'Мао Се', 222, 397),
(575, 6, 'Бай Ча Цзингу ', 416, 747),
(576, 3, 'Айс Ти «Инжирный персик»', 28, 157),
(577, 3, 'Айс Ти «Черничный Прованс» ', 347, 157),
(578, 3, 'Айс Ти «Сочное манго»', 497, 157),
(579, 3, 'Айс Ти «Клубничный зефир»', 224, 157),
(580, 3, 'Айс Ти «Апельсиновый лед»', 517, 157),
(581, 3, 'Айс Ти «Карамельное яблоко»', 228, 157),
(582, 5, 'Мао Се', 397, 397),
(583, 6, 'Бай Ча Цзингу ', 1, 747),
(584, 3, 'Айс Ти «Инжирный персик»', 193, 157),
(585, 3, 'Айс Ти «Черничный Прованс» ', 100, 157),
(586, 3, 'Айс Ти «Сочное манго»', 32, 157),
(587, 3, 'Айс Ти «Клубничный зефир»', 62, 157),
(588, 3, 'Айс Ти «Апельсиновый лед»', 404, 157),
(589, 3, 'Айс Ти «Карамельное яблоко»', 229, 157),
(590, 5, 'Мао Се', 221, 397),
(591, 6, 'Бай Ча Цзингу ', 437, 747),
(592, 3, 'Айс Ти «Инжирный персик»', 329, 157),
(593, 3, 'Айс Ти «Черничный Прованс» ', 295, 157),
(594, 3, 'Айс Ти «Сочное манго»', 326, 157),
(595, 3, 'Айс Ти «Клубничный зефир»', 219, 157),
(596, 3, 'Айс Ти «Апельсиновый лед»', 234, 157),
(597, 3, 'Айс Ти «Карамельное яблоко»', 313, 157),
(598, 5, 'Мао Се', 262, 397),
(599, 6, 'Бай Ча Цзингу ', 135, 747),
(600, 3, 'Айс Ти «Инжирный персик»', 418, 157),
(601, 3, 'Айс Ти «Черничный Прованс» ', 380, 157),
(602, 3, 'Айс Ти «Сочное манго»', 523, 157),
(603, 3, 'Айс Ти «Клубничный зефир»', 419, 157),
(604, 3, 'Айс Ти «Апельсиновый лед»', 64, 157),
(605, 3, 'Айс Ти «Карамельное яблоко»', 160, 157),
(606, 5, 'Мао Се', 258, 397),
(607, 6, 'Бай Ча Цзингу ', 261, 747),
(608, 3, 'Айс Ти «Инжирный персик»', 143, 157),
(609, 3, 'Айс Ти «Черничный Прованс» ', 140, 157),
(610, 3, 'Айс Ти «Сочное манго»', 361, 157),
(611, 3, 'Айс Ти «Клубничный зефир»', 55, 157),
(612, 3, 'Айс Ти «Апельсиновый лед»', 182, 157),
(613, 3, 'Айс Ти «Карамельное яблоко»', 216, 157),
(614, 5, 'Мао Се', 511, 397),
(615, 6, 'Бай Ча Цзингу ', 512, 747),
(616, 3, 'Айс Ти «Инжирный персик»', 273, 157),
(617, 3, 'Айс Ти «Черничный Прованс» ', 423, 157),
(618, 3, 'Айс Ти «Сочное манго»', 483, 157),
(619, 3, 'Айс Ти «Клубничный зефир»', 408, 157),
(620, 3, 'Айс Ти «Апельсиновый лед»', 86, 157),
(621, 3, 'Айс Ти «Карамельное яблоко»', 444, 157),
(622, 5, 'Мао Се', 505, 397),
(623, 6, 'Бай Ча Цзингу ', 298, 747),
(624, 3, 'Айс Ти «Инжирный персик»', 167, 157),
(625, 3, 'Айс Ти «Черничный Прованс» ', 280, 157),
(626, 3, 'Айс Ти «Сочное манго»', 95, 157),
(627, 3, 'Айс Ти «Клубничный зефир»', 428, 157),
(628, 3, 'Айс Ти «Апельсиновый лед»', 194, 157),
(629, 3, 'Айс Ти «Карамельное яблоко»', 415, 157),
(630, 5, 'Мао Се', 337, 397),
(631, 6, 'Бай Ча Цзингу ', 30, 747),
(632, 3, 'Айс Ти «Инжирный персик»', 94, 157),
(633, 3, 'Айс Ти «Черничный Прованс» ', 26, 157),
(634, 3, 'Айс Ти «Сочное манго»', 199, 157),
(635, 3, 'Айс Ти «Клубничный зефир»', 80, 157),
(636, 3, 'Айс Ти «Апельсиновый лед»', 511, 157),
(637, 3, 'Айс Ти «Карамельное яблоко»', 404, 157),
(638, 5, 'Мао Се', 258, 397),
(639, 6, 'Бай Ча Цзингу ', 302, 747),
(640, 3, 'Айс Ти «Инжирный персик»', 176, 157),
(641, 3, 'Айс Ти «Черничный Прованс» ', 150, 157),
(642, 3, 'Айс Ти «Сочное манго»', 368, 157),
(643, 3, 'Айс Ти «Клубничный зефир»', 475, 157),
(644, 3, 'Айс Ти «Апельсиновый лед»', 157, 157),
(645, 3, 'Айс Ти «Карамельное яблоко»', 241, 157),
(646, 5, 'Мао Се', 324, 397),
(647, 6, 'Бай Ча Цзингу ', 521, 747),
(648, 3, 'Айс Ти «Инжирный персик»', 297, 157),
(649, 3, 'Айс Ти «Черничный Прованс» ', 270, 157),
(650, 3, 'Айс Ти «Сочное манго»', 1, 157),
(651, 3, 'Айс Ти «Клубничный зефир»', 328, 157),
(652, 3, 'Айс Ти «Апельсиновый лед»', 147, 157),
(653, 3, 'Айс Ти «Карамельное яблоко»', 394, 157),
(654, 5, 'Мао Се', 242, 397),
(655, 6, 'Бай Ча Цзингу ', 420, 747),
(656, 3, 'Айс Ти «Инжирный персик»', 93, 157),
(657, 3, 'Айс Ти «Черничный Прованс» ', 98, 157),
(658, 3, 'Айс Ти «Сочное манго»', 139, 157),
(659, 3, 'Айс Ти «Клубничный зефир»', 395, 157),
(660, 3, 'Айс Ти «Апельсиновый лед»', 357, 157),
(661, 3, 'Айс Ти «Карамельное яблоко»', 280, 157),
(662, 5, 'Мао Се', 8, 397),
(663, 6, 'Бай Ча Цзингу ', 431, 747),
(664, 3, 'Айс Ти «Инжирный персик»', 342, 157),
(665, 3, 'Айс Ти «Черничный Прованс» ', 271, 157),
(666, 3, 'Айс Ти «Сочное манго»', 387, 157),
(667, 3, 'Айс Ти «Клубничный зефир»', 338, 157),
(668, 3, 'Айс Ти «Апельсиновый лед»', 153, 157),
(669, 3, 'Айс Ти «Карамельное яблоко»', 89, 157),
(670, 5, 'Мао Се', 451, 397),
(671, 6, 'Бай Ча Цзингу ', 359, 747),
(672, 3, 'Айс Ти «Инжирный персик»', 399, 157),
(673, 3, 'Айс Ти «Черничный Прованс» ', 269, 157),
(674, 3, 'Айс Ти «Сочное манго»', 223, 157),
(675, 3, 'Айс Ти «Клубничный зефир»', 294, 157),
(676, 3, 'Айс Ти «Апельсиновый лед»', 484, 157),
(677, 3, 'Айс Ти «Карамельное яблоко»', 21, 157),
(678, 5, 'Мао Се', 51, 397),
(679, 6, 'Бай Ча Цзингу ', 119, 747),
(680, 3, 'Айс Ти «Инжирный персик»', 68, 157),
(681, 3, 'Айс Ти «Черничный Прованс» ', 180, 157),
(682, 3, 'Айс Ти «Сочное манго»', 485, 157),
(683, 3, 'Айс Ти «Клубничный зефир»', 499, 157),
(684, 3, 'Айс Ти «Апельсиновый лед»', 282, 157),
(685, 3, 'Айс Ти «Карамельное яблоко»', 443, 157),
(686, 5, 'Мао Се', 99, 397),
(687, 6, 'Бай Ча Цзингу ', 189, 747),
(688, 3, 'Айс Ти «Инжирный персик»', 513, 157),
(689, 3, 'Айс Ти «Черничный Прованс» ', 441, 157),
(690, 3, 'Айс Ти «Сочное манго»', 268, 157),
(691, 3, 'Айс Ти «Клубничный зефир»', 347, 157),
(692, 3, 'Айс Ти «Апельсиновый лед»', 445, 157),
(693, 3, 'Айс Ти «Карамельное яблоко»', 522, 157),
(694, 5, 'Мао Се', 319, 397),
(695, 6, 'Бай Ча Цзингу ', 266, 747),
(696, 3, 'Айс Ти «Инжирный персик»', 47, 157),
(697, 3, 'Айс Ти «Черничный Прованс» ', 262, 157),
(698, 3, 'Айс Ти «Сочное манго»', 276, 157),
(699, 3, 'Айс Ти «Клубничный зефир»', 167, 157),
(700, 3, 'Айс Ти «Апельсиновый лед»', 51, 157),
(701, 3, 'Айс Ти «Карамельное яблоко»', 198, 157),
(702, 5, 'Мао Се', 119, 397),
(703, 6, 'Бай Ча Цзингу ', 379, 747),
(704, 3, 'Айс Ти «Инжирный персик»', 522, 157),
(705, 3, 'Айс Ти «Черничный Прованс» ', 130, 157),
(706, 3, 'Айс Ти «Сочное манго»', 235, 157),
(707, 3, 'Айс Ти «Клубничный зефир»', 185, 157),
(708, 3, 'Айс Ти «Апельсиновый лед»', 29, 157),
(709, 3, 'Айс Ти «Карамельное яблоко»', 147, 157),
(710, 5, 'Мао Се', 16, 397),
(711, 6, 'Бай Ча Цзингу ', 63, 747),
(712, 3, 'Айс Ти «Инжирный персик»', 268, 157),
(713, 3, 'Айс Ти «Черничный Прованс» ', 166, 157),
(714, 3, 'Айс Ти «Сочное манго»', 302, 157),
(715, 3, 'Айс Ти «Клубничный зефир»', 8, 157),
(716, 3, 'Айс Ти «Апельсиновый лед»', 192, 157),
(717, 3, 'Айс Ти «Карамельное яблоко»', 390, 157),
(718, 5, 'Мао Се', 240, 397),
(719, 6, 'Бай Ча Цзингу ', 127, 747),
(720, 3, 'Айс Ти «Инжирный персик»', 183, 157),
(721, 3, 'Айс Ти «Черничный Прованс» ', 525, 157),
(722, 3, 'Айс Ти «Сочное манго»', 298, 157),
(723, 3, 'Айс Ти «Клубничный зефир»', 36, 157),
(724, 3, 'Айс Ти «Апельсиновый лед»', 78, 157),
(725, 3, 'Айс Ти «Карамельное яблоко»', 392, 157),
(726, 5, 'Мао Се', 74, 397),
(727, 6, 'Бай Ча Цзингу ', 523, 747),
(728, 3, 'Айс Ти «Инжирный персик»', 30, 157),
(729, 3, 'Айс Ти «Черничный Прованс» ', 262, 157),
(730, 3, 'Айс Ти «Сочное манго»', 42, 157),
(731, 3, 'Айс Ти «Клубничный зефир»', 93, 157),
(732, 3, 'Айс Ти «Апельсиновый лед»', 7, 157),
(733, 3, 'Айс Ти «Карамельное яблоко»', 406, 157),
(734, 5, 'Мао Се', 276, 397),
(735, 6, 'Бай Ча Цзингу ', 47, 747),
(736, 3, 'Айс Ти «Инжирный персик»', 243, 157),
(737, 3, 'Айс Ти «Черничный Прованс» ', 518, 157),
(738, 3, 'Айс Ти «Сочное манго»', 479, 157),
(739, 3, 'Айс Ти «Клубничный зефир»', 370, 157),
(740, 3, 'Айс Ти «Апельсиновый лед»', 502, 157),
(741, 3, 'Айс Ти «Карамельное яблоко»', 360, 157),
(742, 5, 'Мао Се', 160, 397),
(743, 6, 'Бай Ча Цзингу ', 360, 747),
(744, 3, 'Айс Ти «Инжирный персик»', 188, 157),
(745, 3, 'Айс Ти «Черничный Прованс» ', 369, 157),
(746, 3, 'Айс Ти «Сочное манго»', 513, 157),
(747, 3, 'Айс Ти «Клубничный зефир»', 185, 157),
(748, 3, 'Айс Ти «Апельсиновый лед»', 252, 157),
(749, 3, 'Айс Ти «Карамельное яблоко»', 247, 157),
(750, 5, 'Мао Се', 282, 397),
(751, 6, 'Бай Ча Цзингу ', 509, 747),
(752, 3, 'Айс Ти «Инжирный персик»', 135, 157),
(753, 3, 'Айс Ти «Черничный Прованс» ', 452, 157),
(754, 3, 'Айс Ти «Сочное манго»', 268, 157),
(755, 3, 'Айс Ти «Клубничный зефир»', 182, 157),
(756, 3, 'Айс Ти «Апельсиновый лед»', 305, 157),
(757, 3, 'Айс Ти «Карамельное яблоко»', 26, 157),
(758, 5, 'Мао Се', 22, 397),
(759, 6, 'Бай Ча Цзингу ', 19, 747),
(760, 3, 'Айс Ти «Инжирный персик»', 210, 157),
(761, 3, 'Айс Ти «Черничный Прованс» ', 416, 157),
(762, 3, 'Айс Ти «Сочное манго»', 156, 157),
(763, 3, 'Айс Ти «Клубничный зефир»', 45, 157),
(764, 3, 'Айс Ти «Апельсиновый лед»', 212, 157),
(765, 3, 'Айс Ти «Карамельное яблоко»', 352, 157),
(766, 5, 'Мао Се', 401, 397),
(767, 6, 'Бай Ча Цзингу ', 196, 747),
(768, 3, 'Айс Ти «Инжирный персик»', 192, 157),
(769, 3, 'Айс Ти «Черничный Прованс» ', 272, 157),
(770, 3, 'Айс Ти «Сочное манго»', 205, 157),
(771, 3, 'Айс Ти «Клубничный зефир»', 176, 157),
(772, 3, 'Айс Ти «Апельсиновый лед»', 0, 157),
(773, 3, 'Айс Ти «Карамельное яблоко»', 56, 157),
(774, 5, 'Мао Се', 136, 397),
(775, 6, 'Бай Ча Цзингу ', 508, 747),
(776, 3, 'Айс Ти «Инжирный персик»', 463, 157),
(777, 3, 'Айс Ти «Черничный Прованс» ', 214, 157),
(778, 3, 'Айс Ти «Сочное манго»', 311, 157),
(779, 3, 'Айс Ти «Клубничный зефир»', 482, 157),
(780, 3, 'Айс Ти «Апельсиновый лед»', 63, 157),
(781, 3, 'Айс Ти «Карамельное яблоко»', 178, 157),
(782, 5, 'Мао Се', 274, 397),
(783, 6, 'Бай Ча Цзингу ', 69, 747),
(784, 3, 'Айс Ти «Инжирный персик»', 461, 157),
(785, 3, 'Айс Ти «Черничный Прованс» ', 277, 157),
(786, 3, 'Айс Ти «Сочное манго»', 157, 157),
(787, 3, 'Айс Ти «Клубничный зефир»', 132, 157),
(788, 3, 'Айс Ти «Апельсиновый лед»', 223, 157),
(789, 3, 'Айс Ти «Карамельное яблоко»', 218, 157),
(790, 5, 'Мао Се', 416, 397),
(791, 6, 'Бай Ча Цзингу ', 490, 747),
(792, 3, 'Айс Ти «Инжирный персик»', 317, 157),
(793, 3, 'Айс Ти «Черничный Прованс» ', 235, 157),
(794, 3, 'Айс Ти «Сочное манго»', 101, 157),
(795, 3, 'Айс Ти «Клубничный зефир»', 300, 157),
(796, 3, 'Айс Ти «Апельсиновый лед»', 146, 157),
(797, 3, 'Айс Ти «Карамельное яблоко»', 420, 157),
(798, 5, 'Мао Се', 83, 397),
(799, 6, 'Бай Ча Цзингу ', 108, 747),
(800, 3, 'Айс Ти «Инжирный персик»', 27, 157),
(801, 3, 'Айс Ти «Черничный Прованс» ', 518, 157),
(802, 3, 'Айс Ти «Сочное манго»', 446, 157),
(803, 3, 'Айс Ти «Клубничный зефир»', 96, 157),
(804, 3, 'Айс Ти «Апельсиновый лед»', 101, 157),
(805, 3, 'Айс Ти «Карамельное яблоко»', 240, 157),
(806, 5, 'Мао Се', 37, 397),
(807, 6, 'Бай Ча Цзингу ', 518, 747),
(808, 3, 'Айс Ти «Инжирный персик»', 229, 157),
(809, 3, 'Айс Ти «Черничный Прованс» ', 225, 157),
(810, 3, 'Айс Ти «Сочное манго»', 105, 157),
(811, 3, 'Айс Ти «Клубничный зефир»', 194, 157),
(812, 3, 'Айс Ти «Апельсиновый лед»', 486, 157),
(813, 3, 'Айс Ти «Карамельное яблоко»', 172, 157),
(814, 5, 'Мао Се', 278, 397),
(815, 6, 'Бай Ча Цзингу ', 407, 747),
(816, 3, 'Айс Ти «Инжирный персик»', 155, 157),
(817, 3, 'Айс Ти «Черничный Прованс» ', 115, 157),
(818, 3, 'Айс Ти «Сочное манго»', 111, 157),
(819, 3, 'Айс Ти «Клубничный зефир»', 264, 157),
(820, 3, 'Айс Ти «Апельсиновый лед»', 490, 157),
(821, 3, 'Айс Ти «Карамельное яблоко»', 152, 157),
(822, 5, 'Мао Се', 517, 397),
(823, 6, 'Бай Ча Цзингу ', 145, 747),
(824, 20, 'Бельгийская вафля', 393, 357),
(825, 20, 'Клубничный мусс', 425, 397),
(826, 20, 'Малиновый пломбир', 414, 397),
(827, 20, 'Лавандовый тарт', 155, 397),
(828, 20, 'Лемонграсс', 238, 397),
(829, 19, 'Итальянская смесь', 186, 636),
(830, 21, 'Колумбия ', 399, 597),
(831, 21, 'Эквадор ', 129, 597),
(832, 19, 'Ил Престо', 516, 587),
(833, 20, 'Сливочное печенье', 477, 397),
(834, 19, 'Коста Рика Караколи', 151, 587),
(835, 21, 'Ирландский крем ', 449, 597),
(836, 20, 'Яблочный штрудель', 502, 397),
(837, 21, 'Кофе для свидания ', 142, 597),
(838, 21, 'Карамель ', 7, 597),
(839, 19, 'Эспрессо Королевский', 70, 835),
(840, 19, 'Ява Арабика Блаван', 232, 587),
(841, 20, 'Ирландский крем', 260, 397),
(842, 20, 'Кардамон', 312, 397),
(843, 19, 'Хаус Бленд', 110, 297),
(844, 20, 'Гаванский Ром', 0, 397),
(845, 20, 'Кленовый сироп Марагоджип', 377, 587),
(846, 20, 'Шоколад', 446, 397),
(847, 19, 'Купаж Сантос Бурбон светлой обжарки', 362, 487),
(848, 20, 'Карамель', 89, 397),
(849, 19, 'Ил Дивино', 9, 297),
(850, 19, 'Куба Спешал', 262, 558),
(851, 21, 'Бразилия ', 481, 597),
(852, 20, 'Капучино Марагоджип', 140, 587),
(853, 20, 'Кофе для свидания Марагоджип', 37, 587),
(854, 19, 'Марагоджип Гватемала Аззуро', 381, 487),
(855, 19, 'Колумбия Сан Августин', 193, 787),
(856, 19, 'Перу Органик ', 223, 857),
(857, 21, 'Амаретто ', 18, 597),
(858, 21, 'Капучино ', 374, 597),
(859, 20, 'Амаретто', 129, 397),
(860, 20, 'Банан', 521, 397),
(861, 19, 'Блю Стар', 517, 487),
(862, 19, 'Бразилия Рейнфорест', 137, 927),
(863, 20, 'Ваниль', 65, 397),
(864, 20, 'Гран Мариньен', 224, 357),
(865, 20, 'Грецкий орех', 397, 397),
(866, 20, 'Ирландский крем Декаф', 377, 487),
(867, 20, 'Ирландский крем Марагоджип', 334, 529),
(868, 20, 'Ирландский крем светлой обжарки', 397, 397),
(869, 20, 'Капучино', 229, 397),
(870, 20, 'Карамель Марагоджип', 255, 587),
(871, 19, 'Кения АА  Кагумоини', 234, 787),
(872, 20, 'Кленовый сироп', 319, 397),
(873, 19, 'Колумбия Медделин Хазьенда Венеция', 265, 587),
(874, 19, 'Колумбия Рейнфорест Калачу Сантандер', 496, 897),
(875, 20, 'Корица', 272, 397),
(876, 20, 'Кофе для свидания', 434, 397),
(877, 20, 'Кофе для свидания декаф', 452, 487),
(878, 20, 'Крем Брюле', 413, 397),
(879, 20, 'Лесной Орех', 471, 397),
(880, 20, 'Лесной Орех Марагоджип', 307, 587),
(881, 19, 'Марагоджип Колумбия', 443, 597),
(882, 19, 'Марагоджип Никарагуа', 138, 787),
(883, 20, 'Мокка Де Люкс', 400, 397),
(884, 19, 'Мокка Йемен', 133, 997),
(885, 19, 'Робуста', 205, 197),
(886, 20, 'Рождественский пудинг', 98, 397),
(887, 20, 'Тирамису', 339, 397),
(888, 20, 'Шоколад Вишня', 224, 397),
(889, 20, 'Шоколад Марагоджип', 472, 587),
(890, 20, 'Шоколадная мята', 469, 397),
(891, 19, 'Эфиопия Иргачиф Коке Фармс Органик', 219, 597),
(892, 19, 'Ява Мокка', 463, 497),
(893, 20, 'Ямайский орех', 80, 397),
(894, 19, 'Эфиопия Иргачиф Округлое зерно', 284, 638),
(895, 21, 'Лесной Орех ', 136, 597),
(896, 20, 'Венецианская кофейня', 496, 957),
(897, 19, 'Бразилия Датерра Желтый Бурбон', 226, 958),
(898, 22, 'Набор капсул для кофемашины Dolce Gusto «Орех Макадамия»', 58, 597),
(899, 22, 'Набор капсул для кофемашины Dolce Gusto «Амаретто»', 158, 597),
(900, 19, 'Эспрессо Энерджи', 28, 297),
(901, 19, 'Эспрессо Модерн', 431, 297),
(902, 20, 'Банановый Сплит', 399, 297),
(903, 20, 'Ореховый Брауни', 481, 297),
(904, 20, 'Баунти', 345, 397),
(905, 19, 'Эспрессо Масалто', 262, 397),
(906, 19, 'Эспрессо Сицилиано', 237, 297),
(907, 19, 'Эспрессо Даймонд', 484, 487),
(908, 20, 'Сникерс', 137, 397),
(909, 20, 'Орех макадамия', 370, 397),
(910, 19, 'Сальвадор Финка Буэна Виста', 235, 597),
(911, 21, 'Кленовый сироп', 184, 597),
(912, 19, 'Эфиопия Сидамо', 388, 297),
(913, 20, 'Сливочный ликёр', 181, 297),
(914, 19, 'Гондурас Финка Монте Кристо', 127, 297),
(915, 19, 'Мокка Ван Арабиа ', 81, 597),
(916, 19, 'Куба Спешал ', 119, 697),
(917, 19, 'Эфиопия Йергачев округлое зерно ', 208, 797),
(918, 23, 'Гватемала Декаф', 366, 487),
(919, 19, 'Доминикана', 281, 797),
(920, 19, 'Доминикана ', 160, 638),
(921, 22, 'Набор капсул для кофемашины Nespresso «Орех макадамия»', 502, 547),
(922, 22, 'Набор капсул для кофемашины Nespresso «Ирландский крем»', 252, 547),
(923, 22, 'Набор капсул для кофемашины Nespresso «Хаус Бленд»', 510, 547),
(924, 21, 'Шоколад-Вишня ', 342, 597),
(925, 21, 'Орех макадамия ', 478, 597),
(926, 22, 'Набор капсул для кофемашины Nespresso «Мокка ван арабия»', 42, 547),
(927, 21, 'Банановый сплит ', 501, 597),
(928, 22, 'Набор капсул для кофемашины Nespresso «Колумбия Сан Августин»', 443, 547),
(929, 22, 'Набор капсул для кофемашины Nespresso «Кофе для свидания»', 71, 547),
(930, 22, 'Набор капсул для кофемашины Nespresso «Амаретто»', 407, 547),
(931, 22, 'Набор капсул для кофемашины Nespresso «Марагоджип Никарагуа»', 317, 547),
(932, 22, 'Набор капсул для кофемашины Nespresso «Эспрессо Сицилиано»', 26, 547),
(933, 22, 'Набор капсул для кофемашины Nespresso «Шоколад-Вишня»', 200, 547),
(934, 21, 'Гран Мариньер', 137, 597),
(935, 20, 'Ирландский крем 75 г (зерно)', 288, 377),
(936, 20, 'Орех макадамия 75 г (зерно)', 437, 377),
(937, 20, 'Кофе для свидания 75 г (зерно) ', 95, 377),
(938, 19, 'Хаус Бленд 75 г (зерно)', 426, 297),
(939, 27, 'Крем-карамель «Французский шик» ', 470, 587),
(940, 28, 'Шокобар «Полночь в Париже»  ', 378, 197),
(941, 28, 'Шокобар «Тринитарио Сантадер»', 342, 177),
(942, 28, 'Шокобар «Нежные облака»', 349, 157),
(943, 28, 'Шокобар «Клеопатра»', 17, 177),
(944, 29, 'Десерт «Марко Поло»', 460, 157),
(945, 29, 'Конфета корпусная «Сапфир»', 5, 587),
(946, 29, 'Ассорти «Самоцветы»', 100, 587),
(947, 30, 'Шоколад фигурный клубничный «Братец кролик»', 299, 137),
(948, 30, 'Шоколад фигурный молочный «Братец кролик»', 308, 137),
(949, 30, 'Шоколад фигурный апельсиновый «Братец кролик»', 141, 137),
(950, 29, 'Конфета «Сердце Версаля»', 109, 587),
(951, 31, 'Маршмеллоу «Фруктовая румба»', 146, 587),
(952, 32, 'Мармелад "Витаминный коктейль" ', 18, 197),
(953, 28, 'Шокобар с кешью', 13, 267),
(954, 31, 'Маршмеллоу «Оранжевый закат»', 421, 587),
(955, 33, 'Нуга «Месье Арахис»', 230, 267),
(956, 34, 'Ореховая паста «Романтика Парижа»', 47, 597),
(957, 34, 'Шоколадно-ореховая паста «Римские каникулы»', 311, 597),
(958, 34, 'Шоколадно-ореховая паста «Утро в Нью-Йорке»', 358, 597),
(959, 27, 'Крем-карамель «Банановый рай»', 475, 587),
(960, 35, 'Крем-мед «Имбирный медведь»', 226, 537),
(961, 35, 'Крем-мед «Облепиховый медведь»', 38, 597),
(962, 30, 'Медиант «Любовь в шоколаде»', 475, 187),
(963, 36, 'Цукат «Лимон с корицей»', 376, 497),
(964, 28, 'Шоколад «Апельсиновое настроение»', 22, 357),
(965, 37, 'Драже «Мадам Черешня»', 488, 587),
(966, 35, 'Крем-мед «Малиновый медведь»', 120, 597),
(967, 38, 'Горячий шоколад «Классик»', 66, 397),
(968, 28, 'Шоколад «Ягодно-фундучный микс» ', 184, 357),
(969, 27, 'Крем-карамель «Ванильная груша» ', 315, 587),
(970, 28, 'Шоколад «Гималайские горы» ', 11, 357),
(971, 32, 'Мармелад в банке «Вкус глинтвейна»', 36, 597),
(972, 29, 'Конфета корпусная «Соленая карамель»', 131, 587),
(973, 39, 'Мед-бальзам «Альпийская легенда»', 360, 767),
(974, 29, 'Конфета корпусная «Ликер Куантро»', 53, 587),
(975, 39, 'Мед-бальзам «День»', 65, 767),
(976, 40, 'Трюфель «Наполеондор»', 366, 587),
(977, 37, 'Драже «Инжир в шоколаде» ', 153, 587),
(978, 31, 'Маршмеллоу «Розовые облака»', 365, 587),
(979, 27, 'Крем-карамель «Апельсиновое утро»', 149, 587),
(980, 29, 'Конфета «Шоколадная мята» ', 295, 587),
(981, 41, 'Варенье «Янтарный берег»', 474, 397),
(982, 39, 'Мед-бальзам «Золотая ветвь»', 296, 767),
(983, 39, 'Мед-бальзам «Арома»', 313, 691),
(984, 33, 'Нуга «Сила Тайги»', 488, 287),
(985, 39, 'Сироп-бальзам Прана «Зеленый орех»', 191, 597),
(986, 38, 'Горячий шоколад «Французская карамель»', 18, 397),
(987, 37, 'Драже «Мускат Голд»', 10, 587),
(988, 40, 'Трюфель с коньяком «Кальвадос»', 503, 587),
(989, 28, 'Шоколад «Клубничка»', 376, 357),
(990, 42, 'Сахар тростниковый «Классик»', 485, 237),
(991, 43, 'Марципан «Фрукты Де Люкс»', 203, 587),
(992, 37, 'Драже «Сильвер соль» ', 415, 587),
(993, 37, 'Драже «Мишкин завтрак»', 434, 587),
(994, 35, 'Крем-мед «Апельсиновый медведь»', 54, 597),
(995, 39, 'Мед-бальзам «Горная липа»', 437, 767),
(996, 39, 'Мед-бальзам «Шамбала»', 397, 767),
(997, 27, 'Крем-карамель «Пикантный орешек»', 174, 587),
(998, 39, 'Мед-бальзам «Ночь»', 503, 767),
(999, 28, 'Шоколад «Миндально-ягодный коктейль» ', 55, 357),
(1000, 41, 'Варенье «Южное солнце»', 489, 297),
(1001, 39, 'Мед-бальзам «Женьшень»', 514, 767),
(1002, 27, 'Крем-карамель «Яблочный штрудель»', 92, 587),
(1003, 33, 'Нуга «Сицилийский поцелуй»', 95, 287),
(1004, 28, 'Шоколад «Клеопатра в Китае» ', 349, 357),
(1005, 33, 'Нуга «Микс Здоровья»', 146, 287),
(1006, 40, 'Трюфель «Трюффальдино»', 161, 587),
(1007, 32, 'Мармелад в банке «Спелый Апельсин»', 190, 597),
(1008, 37, 'Драже «Ореховый дуэт» ', 300, 587),
(1009, 39, 'Сироп-бальзам Прана «Харизма»', 0, 597),
(1010, 28, 'Шоколад «Колумбийский микс» ', 339, 357),
(1011, 37, 'Драже «Карамельный пекан»', 70, 587),
(1012, 42, 'Сахар тростниковый «Лимон»', 475, 237),
(1013, 37, 'Драже «Сказка Востока» ', 109, 587),
(1014, 39, 'Мед-бальзам «Прана»', 384, 767),
(1015, 40, 'Трюфель «Белый»', 437, 587),
(1016, 32, 'Мармелад в банке «Сочный цитрус»', 301, 787),
(1017, 42, 'Сахар тростниковый «Клубника»', 402, 237),
(1018, 40, 'Трюфель «Грана» ', 448, 587),
(1019, 33, 'Нуга с обсыпкой «Аравия»', 278, 287),
(1020, 39, 'Мед-бальзам «Можжевельник»', 253, 767),
(1021, 38, 'Горячий шоколад «Ирландский крем»', 407, 397),
(1022, 28, 'Шоколад «Карамельная жемчужина» ', 482, 357),
(1023, 36, 'Апельсиновые дольки в темном шоколаде', 143, 447),
(1024, 28, 'Шоколад «Колумбиана»', 316, 267),
(1025, 39, 'Мед-бальзам «Ягодная сказка»', 10, 767),
(1026, 40, 'Трюфель «Мадам Бовари»', 54, 587),
(1027, 31, 'Райская птичка в молочном шоколаде с маракуйей', 187, 197),
(1028, 27, 'Крем-карамель «Классика жанра»', 184, 587),
(1029, 30, 'Шоколадная фигура «Кошечка»', 32, 187),
(1030, 42, 'Сахар тростниковый «Мятный»', 243, 237),
(1031, 40, 'Трюфель «Малиновка»', 147, 587),
(1032, 27, 'Крем-карамель «Шоколадный берег»', 21, 587),
(1033, 29, 'Конфета Ассорти «Признание»', 336, 587),
(1034, 39, 'Мед-бальзам «Золотой корень»', 243, 767),
(1035, 40, 'Трюфель «Мангустин»', 371, 587),
(1036, 33, 'Нуга «Вишневый сад»', 483, 287),
(1037, 29, 'Конфеты «Сладкие фрукты»', 404, 487),
(1038, 28, 'Шоколад «Таежный сбор»', 35, 297),
(1039, 39, 'Сироп-бальзам Прана «Легенда»', 258, 597),
(1040, 32, 'Мармелад в банке «Ароматный мандарин»', 404, 597),
(1041, 32, 'Мармелад «Фруктовый микс»', 374, 197),
(1042, 43, 'Ассорти «Три марципана»', 328, 287),
(1043, 41, 'Варенье из белой черешни ', 353, 297),
(1044, 41, 'Варенье из грецких орехов ', 484, 397),
(1045, 38, 'Горячий шоколад «Малиновое суфле»', 187, 397),
(1046, 38, 'Горячий шоколад  «Фундук в шоколаде»', 265, 397),
(1047, 37, 'Драже «Coffee time»', 259, 587),
(1048, 28, 'Шокобар «Белые ночи»', 64, 177),
(1049, 27, 'Крем-карамель «Французский шик» ', 68, 587),
(1050, 28, 'Шокобар «Полночь в Париже»  ', 494, 197),
(1051, 28, 'Шокобар «Тринитарио Сантадер»', 460, 177),
(1052, 28, 'Шокобар «Нежные облака»', 385, 157),
(1053, 28, 'Шокобар «Клеопатра»', 505, 177),
(1054, 29, 'Десерт «Марко Поло»', 515, 157),
(1055, 29, 'Конфета корпусная «Сапфир»', 47, 587),
(1056, 29, 'Ассорти «Самоцветы»', 163, 587),
(1057, 30, 'Шоколад фигурный клубничный «Братец кролик»', 22, 137);

-- --------------------------------------------------------

--
-- Структура таблицы `good_category`
--
CREATE TABLE good_category (
  id INT NOT NULL,
  parent_id INT,
  name VARCHAR(255) NOT NULL
);

--
-- Дамп данных таблицы `good_category`
--

INSERT INTO `good_category` (`id`, `parent_id`, `name`) VALUES
(1, NULL, 'Чай'),
(2, 1, 'Дарджилинг'),
(3, 1, 'Айс Ти'),
(4, 1, 'Пуэр'),
(5, 1, 'Оолонг (Улун)'),
(6, 1, 'Белый чай'),
(7, 1, 'Ароматизированный чай'),
(8, 1, 'Чёрный чай'),
(9, 1, 'Зеленый чай'),
(10, 1, 'Травяная смесь'),
(11, 1, 'Купаж черного и зеленого чая'),
(12, 1, 'Чай для детей'),
(13, 1, 'Связанный чай'),
(14, 1, 'Фруктовая смесь'),
(15, 1, 'Чай в шелке'),
(16, 1, 'Мате'),
(17, 1, 'Тематический набор'),
(18, NULL, 'Кофе'),
(19, 18, 'Классический кофе'),
(20, 18, 'Ароматизированный кофе'),
(21, 18, 'Растворимый кофе'),
(22, 18, 'Кофе в капсулах'),
(23, 18, 'Кофе без кофеина'),
(24, 18, 'Тематический набор'),
(25, NULL, 'Сладости'),
(26, 25, 'Клубника в шоколаде'),
(27, 25, 'Крем-карамель'),
(28, 25, 'Плитка из шоколада'),
(29, 25, 'Конфеты'),
(30, 25, 'Шоколадная фигура'),
(31, 25, 'Суфле'),
(32, 25, 'Мармелад'),
(33, 25, 'Нуга'),
(34, 25, 'Ореховая паста'),
(35, 25, 'Крем-мед'),
(36, 25, 'Цукаты в шоколаде'),
(37, 25, 'Драже'),
(38, 25, 'Горячий шоколад'),
(39, 25, 'Бальзам'),
(40, 25, 'Трюфели'),
(41, 25, 'Варенье'),
(42, 25, 'Сахар тростниковый'),
(43, 25, 'Марципан');

CREATE TABLE orders (
  id INT NOT NULL,
  user_id INT NOT NULL,
  status_id INT NOT NULL,
  creation_date TIMESTAMP NOT NULL
);
INSERT INTO `orders` (`id`, `user_id`, `status_id`, `creation_date`)
VALUES
(1, 101, 1, '2023-10-25 12:34:56'), -- Новый заказ
(2, 102, 2, '2023-10-26 13:45:00'), -- Подтвержденный заказ
(3, 103, 3, '2023-10-27 14:50:30'), -- Заказ подтвержден покупателем
(4, 104, 4, '2023-10-28 15:55:40'), -- Упакованный заказ
(5, 105, 5, '2023-10-29 16:57:23'), -- Заказ в процессе доставки
(6, 106, 6, '2023-10-30 17:59:08'), -- Доставленный заказ
(7, 107, 7, '2023-10-31 18:05:42'), -- Оплаченный заказ
(8, 108, 8, '2023-11-01 19:07:21'), -- Отменённый заказ
(9, 109, 1, '2023-11-02 09:35:54'), -- Новый заказ
(10, 110, 2, '2023-11-03 10:46:37'), -- Подтвержденный заказ
(11, 111, 3, '2023-11-04 11:51:24'), -- Заказ подтвержден покупателем
(12, 112, 4, '2023-11-05 12:58:39'), -- Упакованный заказ
(13, 113, 5, '2023-11-06 13:47:52'), -- Заказ в процессе доставки
(14, 114, 6, '2023-11-07 14:49:36'), -- Доставленный заказ
(15, 115, 7, '2023-11-08 15:53:48'), -- Оплаченный заказ
(16, 116, 8, '2023-11-09 16:41:32'), -- Отменённый заказ
(17, 117, 1, '2023-11-10 17:38:44'), -- Новый заказ
(18, 118, 2, '2023-11-11 18:43:22'), -- Подтвержденный заказ
(19, 119, 3, '2023-11-12 19:33:05'), -- Заказ подтвержден покупателем
(20, 120, 4, '2023-11-13 20:29:11'); -- Упакованный заказ

CREATE TABLE order2good (
  order_id INT NOT NULL,
  good_id INT NOT NULL,
  count INT NOT NULL
);

INSERT INTO `order2good` (`order_id`, `good_id`, `count`)
VALUES
(1, 201, 1), -- Заказ 1 содержит товар 201 в количестве 1 шт.
(1, 202, 2), -- Заказ 1 содержит товар 202 в количестве 2 шт.
(2, 203, 3), -- Заказ 2 содержит товар 203 в количестве 3 шт.
(2, 204, 4), -- Заказ 2 содержит товар 204 в количестве 4 шт.
(3, 205, 5), -- Заказ 3 содержит товар 205 в количестве 5 шт.
(3, 206, 6), -- Заказ 3 содержит товар 206 в количестве 6 шт.
(4, 207, 7), -- Заказ 4 содержит товар 207 в количестве 7 шт.
(4, 208, 8), -- Заказ 4 содержит товар 208 в количестве 8 шт.
(5, 209, 9), -- Заказ 5 содержит товар 209 в количестве 9 шт.
(5, 210, 10), -- Заказ 5 содержит товар 210 в количестве 10 шт.
(6, 211, 11), -- Заказ 6 содержит товар 211 в количестве 11 шт.
(6, 212, 12), -- Заказ 6 содержит товар 212 в количестве 12 шт.
(7, 213, 13), -- Заказ 7 содержит товар 213 в количестве 13 шт.
(7, 214, 14), -- Заказ 7 содержит товар 214 в количестве 14 шт.
(8, 215, 15), -- Заказ 8 содержит товар 215 в количестве 15 шт.
(8, 216, 16), -- Заказ 8 содержит товар 216 в количестве 16 шт.
(9, 217, 17), -- Заказ 9 содержит товар 217 в количестве 17 шт.
(9, 218, 18), -- Заказ 9 содержит товар 218 в количестве 18 шт.
(10, 219, 19), -- Заказ 10 содержит товар 219 в количестве 19 шт.
(10, 220, 20); -- Заказ 10 содержит товар 220 в количестве 20 шт.


CREATE TABLE order_status (
  id INT NOT NULL,
  sort_index INT NOT NULL,
  code VARCHAR(255) NOT NULL,
  name VARCHAR(255) NOT NULL
);



INSERT INTO `order_status` (`id`, `sort_index`, `code`, `name`) VALUES
(1, 1, 'NEW', 'Новый'),
(2, 2, 'APPROVED_BY_STOCK', 'Подтверждён складом'),
(3, 3, 'APPROVED_BY_CUSTOMER', 'Подтверждён покупателем'),
(4, 4, 'PACKED', 'Упакован'),
(5, 5, 'DELIVERING', 'В процессе доставки'),
(6, 6, 'DELIVERED', 'Доставлен'),
(7, 7, 'PAYED', 'Оплачен'),
(8, 8, 'CANCELLED', 'Отменён');




CREATE TABLE order_status_change (
  id INT NOT NULL,
  order_id INT NOT NULL,
  time TIMESTAMP NOT NULL,
  src_status_id INT NOT NULL,
  dst_status_id INT NOT NULL
);

INSERT INTO order_status_change (id, order_id, time, src_status_id, dst_status_id)
VALUES
(1, 1000, '2023-10-01 12:00:00', 1, 2),
(2, 1001, '2023-10-02 13:30:00', 2, 3),
(3, 1002, '2023-10-03 14:45:00', 3, 4),
(4, 1003, '2023-10-04 16:05:00', 4, 5),
(5, 1004, '2023-10-05 17:20:00', 5, 6),
(6, 1005, '2023-10-06 18:35:00', 6, 7),
(7, 1006, '2023-10-07 19:50:00', 7, 8),
(8, 1007, '2023-10-08 21:00:00', 8, 9),
(9, 1008, '2023-10-09 22:25:00', 9, 10),
(10, 1009, '2023-10-10 23:40:00', 10, 11),
(11, 1010, '2023-10-11 00:55:00', 11, 12),
(12, 1011, '2023-10-12 02:10:00', 12, 13),
(13, 1012, '2023-10-13 03:25:00', 13, 14),
(14, 1013, '2023-10-14 04:40:00', 14, 15),
(15, 1014, '2023-10-15 05:55:00', 15, 16);

CREATE TABLE users (
  id INT AUTO_INCREMENT PRIMARY KEY,
  name VARCHAR(255) NOT NULL,
  email VARCHAR(255) NOT NULL UNIQUE,
  password VARCHAR(255) NOT NULL,
  reg_date TIMESTAMP NOT NULL
);

INSERT INTO users (name, email, password, reg_date) VALUES
('Иван Иванов', 'ivan.ivanov@example.com', '$2y$10$uTQ3KJmU.vvjWcHbqYBgeeT1oXfLzJYsV3hT9M8B4A.oZpKk1Vr.', '2023-10-26 10:32:54'),
('Петр Петров', 'petr.petrov@example.com', '$2y$10$kRti5EyzKq.j6XqT7G4X.OlIdVgSSuPTi5W8fWghy3T5Xm8F8Wt4O', '2023-10-27 11:43:28'),
('Сергей Сергеев', 'sergey.sergeev@example.com', '$2y$10$I6iPz0n4.Sx8eWb9DjB0zOVBQR8WckXydXoj6Q2Tr7eAihnJ.nkne', '2023-10-28 12:53:24'),
('Андрей Андреев', 'andrey.andreev@example.com', '$2y$10$KXKxklr9p4P5l.TZ/xw2juYlNlLQif0vzHPLM5A/7yEsvHj0Kyl1S', '2023-10-29 14:03:36'),
('Александр Александров', 'alexander.alexandrov@example.com', '$2y$10$.Zv9p/.j.umrD37x4UTe8.odh9d6IufLk6kwoWj3OuxlS3aE9bplW', '2023-10-30 15:14:48'),
('Дмитрий Дмитриев', 'dmitry.dmitriev@example.com', '$2y$10$hS0YtFChby3e.s6s7Qk4AOa4bpi3KocEi31XGcmyu2fzpy0vRUKIG', '2023-10-31 16:25:42'),
('Михаил Михайлов', 'mikhail.mikhailov@example.com', '$2y$10$1cH5Tzqvr/wV5HTh1FAZxukyOvMWkz4U7T0OrqE5K/voJv0fBZgIm', '2023-11-01 17:38:34'),
('Николай Николаев', 'nikolay.nikolaev@example.com', '$2y$10$GfEkgb5QkIB1g0nPPlmVou/OWV2/PhS96/yag9N2Zph4FFZP/zXpG', '2023-11-02 18:49:46'),
('Алексей Алексеев', 'aleksey.alekseev@example.com', '$2y$10$Dw8mlzz2e.Q7l7kL95QKZeEX3PvjOMyqAwPr8chtyb9FBqBvHxGG2', '2023-11-03 19:59:58'),
('Евгений Евгеньев', 'evgeny.evgeniev@example.com', '$2y$10$5yXAlw9aM0FrbDKIYZ/AcO3YhlfPQ8ZXJshNZrUnu5CX8PEw0eGvC', '2023-11-04 21:10:52'),
('Владимир Владимирович', 'vladimir.vladimirov@example.com', '$2y$10$6TBycyFRC.LW2kIRRNxTWOmbBScudlIVP7R5S9IlyC5sQz2wLPDwa', '2023-11-05 22:21:44');

